<?xml version="1.0" encoding="utf-8"?><feed xmlns="http://www.w3.org/2005/Atom" ><generator uri="https://jekyllrb.com/" version="3.9.5">Jekyll</generator><link href="http://localhost:4000/gentelella/feed.xml" rel="self" type="application/atom+xml" /><link href="http://localhost:4000/gentelella/" rel="alternate" type="text/html" /><updated>2025-06-12T10:09:12+03:00</updated><id>http://localhost:4000/gentelella/feed.xml</id><title type="html">Gentelella Admin Template</title><subtitle>Modern Bootstrap 5 Admin Dashboard Template with Performance Optimizations</subtitle></feed>